,label
2204,0
3024,0
2913,0
1616,1
2426,0
449,1
2538,0
812,1
2977,0
817,1
308,1
3512,0
3738,0
141,1
1497,1
1867,1
970,1
3695,0
255,1
3583,0
2362,0
2317,0
3412,0
160,1
555,1
217,1
1824,1
3608,0
720,1
1304,1
3414,0
3435,0
502,1
3459,0
2415,0
3139,0
3489,0
958,1
2585,0
1172,1
77,1
2267,0
2046,0
625,1
1129,1
1550,1
3432,0
3520,0
2628,0
925,1
2288,0
2206,0
2842,0
103,1
2869,0
2949,0
1080,1
3609,0
3688,0
650,1
1295,1
873,1
942,1
2995,0
1715,1
185,1
219,1
2329,0
3159,0
1836,1
3595,0
1220,1
3708,0
2218,0
2678,0
3581,0
761,1
1673,1
3667,0
633,1
1344,1
3275,0
783,1
2537,0
88,1
567,1
377,1
2743,0
1694,1
1178,1
2044,0
2840,0
2627,0
2368,0
383,1
595,1
3795,0
2233,0
3497,0
2258,0
3170,0
1148,1
1961,0
3000,0
2021,0
2062,0
2696,0
3564,0
2863,0
3402,0
1239,1
1861,1
1343,1
1079,1
1846,1
600,1
1350,1
2257,0
832,1
2334,0
2075,0
310,1
2723,0
1034,1
227,1
1589,1
554,1
1952,0
3220,0
854,1
34,1
1653,1
324,1
474,1
3244,0
358,1
3612,0
3669,0
2492,0
3355,0
1036,1
2165,0
1308,1
2010,0
346,1
1642,1
1662,1
3761,0
142,1
2047,0
1741,1
136,1
111,1
450,1
1650,1
482,1
1081,1
2397,0
397,1
2581,0
2621,0
875,1
2960,0
1118,1
3431,0
3325,0
1515,1
1434,1
3150,0
2154,0
1439,1
725,1
259,1
82,1
2318,0
2096,0
1106,1
1280,1
2140,0
3263,0
281,1
2770,0
3330,0
572,1
12,1
3173,0
1979,0
487,1
1658,1
634,1
2409,0
1748,1
2324,0
1695,1
316,1
1683,1
2505,0
2802,0
491,1
764,1
147,1
2145,0
2456,0
3165,0
1778,1
652,1
3288,0
1922,0
1113,1
2765,0
2073,0
3441,0
1171,1
1417,1
3611,0
563,1
743,1
3071,0
2754,0
2207,0
3186,0
3562,0
2134,0
108,1
2648,0
2554,0
3720,0
1013,1
2169,0
2889,0
3521,0
3476,0
288,1
2303,0
2663,0
3078,0
2918,0
2654,0
1738,1
2895,0
3631,0
2375,0
1236,1
1644,1
98,1
1492,1
3230,0
311,1
2491,0
1675,1
3011,0
2679,0
706,1
2805,0
2228,0
836,1
3117,0
1455,1
1932,0
1731,1
1718,1
2830,0
2766,0
2885,0
1389,1
2651,0
2399,0
3451,0
1116,1
1605,1
1009,1
1442,1
814,1
1901,1
2186,0
604,1
1865,1
2027,0
2221,0
3585,0
607,1
2300,0
590,1
1810,1
1542,1
325,1
3446,0
991,1
3474,0
3188,0
3662,0
2342,0
894,1
3309,0
1809,1
2975,0
3694,0
948,1
2690,0
359,1
675,1
3454,0
207,1
2511,0
2043,0
1549,1
2530,0
3102,0
1925,0
2166,0
2095,0
1298,1
107,1
3189,0
3589,0
2890,0
1192,1
3802,0
2449,0
1487,1
2625,0
1720,1
1219,1
2074,0
1474,1
3542,0
1186,1
2471,0
3006,0
1445,1
2099,0
3322,0
1274,1
1063,1
100,1
2592,0
1153,1
2641,0
546,1
350,1
1640,1
3012,0
497,1
2778,0
1597,1
2535,0
2874,0
2504,0
2583,0
1007,1
3742,0
251,1
533,1
1134,1
1953,0
3510,0
1728,1
1337,1
616,1
2953,0
2406,0
1269,1
3747,0
1345,1
3790,0
2915,0
3160,0
3296,0
2248,0
1309,1
2251,0
299,1
3019,0
664,1
3002,0
241,1
96,1
2717,0
436,1
3749,0
575,1
2424,0
722,1
3174,0
2242,0
488,1
524,1
2590,0
191,1
1791,1
2433,0
3206,0
2294,0
412,1
3068,0
3077,0
1424,1
1602,1
2287,0
2525,0
1559,1
1215,1
994,1
3675,0
1335,1
3018,0
1759,1
3473,0
787,1
576,1
1635,1
1261,1
569,1
946,1
3285,0
381,1
180,1
3368,0
1665,1
1299,1
1868,1
1327,1
589,1
457,1
1461,1
857,1
2380,0
2544,0
1232,1
1268,1
2432,0
145,1
1077,1
294,1
2247,0
1643,1
612,1
1473,1
1525,1
1993,0
1558,1
3158,0
35,1
630,1
1915,0
3630,0
2864,0
2084,0
1169,1
29,1
3513,0
2750,0
305,1
50,1
205,1
688,1
3290,0
1911,0
1819,1
678,1
2942,0
1237,1
140,1
389,1
453,1
2142,0
738,1
1681,1
1538,1
2478,0
1765,1
343,1
2431,0
1811,1
712,1
1788,1
246,1
1472,1
501,1
1668,1
667,1
1144,1
3266,0
2931,0
611,1
1555,1
2860,0
1427,1
3128,0
3121,0
2425,0
847,1
3283,0
3712,0
2676,0
93,1
3714,0
523,1
2989,0
2983,0
57,1
1271,1
3599,0
3125,0
1140,1
777,1
3062,0
1624,1
2457,0
2726,0
1501,1
2261,0
1489,1
2222,0
306,1
1059,1
3571,0
2882,0
3616,0
1557,1
1566,1
2787,0
2224,0
2144,0
1415,1
3766,0
1613,1
768,1
1316,1
643,1
115,1
1626,1
99,1
1615,1
2197,0
2168,0
3462,0
1776,1
3656,0
3328,0
3120,0
3212,0
3531,0
2740,0
2800,0
2937,0
419,1
938,1
3094,0
420,1
883,1
1451,1
1758,1
60,1
2872,0
723,1
3073,0
1510,1
3420,0
781,1
1817,1
54,1
2518,0
3469,0
1255,1
2605,0
540,1
1785,1
193,1
95,1
276,1
1098,1
1209,1
1522,1
3411,0
647,1
68,1
3619,0
1448,1
2686,0
1916,0
721,1
1061,1
2344,0
780,1
3467,0
2120,0
3586,0
3514,0
661,1
3342,0
3272,0
2343,0
1320,1
597,1
314,1
2152,0
1660,1
1517,1
3086,0
175,1
1799,1
1789,1
509,1
2841,0
1761,1
1710,1
127,1
1958,0
2385,0
2263,0
977,1
861,1
1876,1
2235,0
1716,1
3093,0
3574,0
649,1
22,1
2435,0
1790,1
2871,0
298,1
2348,0
1583,1
1687,1
2483,0
3316,0
2203,0
2693,0
1447,1
2595,0
1780,1
2256,0
2543,0
2582,0
2919,0
1388,1
3036,0
1632,1
536,1
507,1
164,1
2849,0
2274,0
3783,0
1918,0
1467,1
1889,1
1338,1
307,1
2156,0
409,1
1706,1
1161,1
3629,0
138,1
1645,1
345,1
802,1
380,1
3625,0
3460,0
1471,1
1822,1
2041,0
2252,0
1020,1
901,1
222,1
2650,0
2345,0
188,1
1770,1
3059,0
1924,0
3401,0
2952,0
2304,0
1470,1
1433,1
2803,0
1446,1
3605,0
3639,0
2981,0
3498,0
680,1
3151,0
437,1
2720,0
2731,0
262,1
69,1
1899,1
2467,0
911,1
3072,0
2195,0
3567,0
2644,0
2602,0
2806,0
189,1
2048,0
1816,1
2619,0
3697,0
66,1
3568,0
1002,1
135,1
184,1
83,1
3443,0
3719,0
1443,1
553,1
809,1
416,1
756,1
309,1
2000,0
2208,0
2279,0
3039,0
3535,0
1248,1
1719,1
1032,1
2143,0
673,1
3315,0
914,1
2584,0
3281,0
3208,0
3098,0
3313,0
483,1
1273,1
1468,1
3546,0
2976,0
1701,1
1969,0
3705,0
1042,1
434,1
3152,0
2570,0
1985,0
44,1
529,1
1404,1
156,1
1256,1
374,1
1630,1
786,1
3768,0
1014,1
1608,1
1082,1
834,1
1547,1
1421,1
3456,0
3757,0
700,1
2427,0
2572,0
1913,0
3097,0
291,1
179,1
696,1
2407,0
1862,1
2636,0
2818,0
3648,0
3575,0
1999,0
1941,0
1564,1
2005,0
1376,1
1156,1
328,1
3052,0
1540,1
2331,0
1977,0
3406,0
3610,0
573,1
939,1
1076,1
2947,0
1258,1
1494,1
2747,0
206,1
871,1
3393,0
2932,0
3177,0
1122,1
3736,0
369,1
889,1
1575,1
2192,0
2091,0
3547,0
734,1
2815,0
2133,0
2734,0
3561,0
1783,1
892,1
601,1
3166,0
3517,0
1839,1
1462,1
1814,1
1921,0
3478,0
351,1
472,1
460,1
2004,0
3771,0
3301,0
3116,0
3465,0
225,1
2019,0
70,1
1097,1
2935,0
2065,0
1243,1
312,1
3428,0
644,1
3105,0
2894,0
150,1
1827,1
2167,0
998,1
2978,0
2209,0
3529,0
3091,0
353,1
1984,0
2365,0
2944,0
1275,1
816,1
2310,0
2382,0
3753,0
1905,0
1185,1
1591,1
2591,0
2484,0
2498,0
2903,0
3509,0
334,1
2614,0
1858,1
920,1
1187,1
1289,1
152,1
2371,0
3700,0
3461,0
2058,0
583,1
3804,0
3693,0
2941,0
170,1
1319,1
2801,0
709,1
2255,0
2082,0
2755,0
2846,0
456,1
163,1
3703,0
1838,1
1800,1
1775,1
1392,1
3339,0
749,1
3354,0
418,1
3603,0
394,1
3089,0
865,1
2761,0
3087,0
3090,0
3377,0
1279,1
2153,0
3083,0
1518,1
3027,0
464,1
1609,1
838,1
2515,0
2136,0
2259,0
3670,0
471,1
2610,0
1028,1
2211,0
2234,0
2825,0
2108,0
825,1
2126,0
599,1
129,1
2088,0
1078,1
1806,1
682,1
3632,0
3803,0
3502,0
2245,0
2093,0
1563,1
945,1
258,1
3025,0
481,1
3447,0
2721,0
1480,1
2394,0
1457,1
850,1
3785,0
208,1
112,1
1227,1
3113,0
496,1
3029,0
1499,1
190,1
2389,0
3032,0
1292,1
2790,0
2718,0
1572,1
182,1
2945,0
3190,0
3593,0
1942,0
614,1
989,1
1669,1
1231,1
319,1
3444,0
526,1
730,1
1818,1
1278,1
741,1
3628,0
2296,0
1995,0
3665,0
2829,0
3034,0
4,1
1339,1
586,1
3095,0
745,1
1866,1
3319,0
642,1
2455,0
3793,0
3225,0
2423,0
3146,0
1948,0
1396,1
3418,0
459,1
2575,0
476,1
313,1
820,1
2921,0
1201,1
2597,0
2158,0
2557,0
181,1
226,1
3774,0
2008,0
513,1
452,1
596,1
2799,0
1429,1
3709,0
1205,1
1684,1
3778,0
279,1
1049,1
3171,0
3115,0
1511,1
378,1
154,1
1126,1
552,1
1674,1
3765,0
2313,0
295,1
39,1
988,1
3214,0
37,1
3307,0
2745,0
528,1
753,1
1773,1
1656,1
1087,1
3400,0
3016,0
2429,0
1223,1
2499,0
2714,0
3515,0
811,1
3655,0
2078,0
662,1
578,1
2123,0
679,1
81,1
3194,0
609,1
701,1
2845,0
1874,1
1166,1
987,1
744,1
3755,0
1561,1
3796,0
909,1
1145,1
2920,0
1488,1
766,1
3292,0
3407,0
698,1
545,1
2117,0
2793,0
1096,1
1407,1
3240,0
2645,0
2395,0
1244,1
1825,1
879,1
2798,0
284,1
2352,0
2698,0
539,1
2573,0
815,1
2532,0
2430,0
635,1
658,1
1712,1
1300,1
534,1
2396,0
1988,0
924,1
3314,0
320,1
2916,0
2081,0
806,1
56,1
1666,1
229,1
2171,0
2284,0
704,1
1108,1
71,1
3696,0
1328,1
1365,1
1520,1
2132,0
1992,0
877,1
798,1
874,1
1357,1
2173,0
3195,0
1588,1
3137,0
1986,0
118,1
1072,1
3395,0
824,1
2185,0
655,1
1940,0
1133,1
1711,1
5,1
1057,1
2051,0
1115,1
2564,0
3685,0
3193,0
3735,0
3787,0
796,1
1652,1
1938,0
1535,1
1390,1
113,1
3140,0
3205,0
3723,0
64,1
632,1
3172,0
869,1
3280,0
951,1
961,1
1027,1
3302,0
2469,0
1264,1
234,1
1864,1
2612,0
1127,1
371,1
1387,1
1450,1
2223,0
2408,0
2034,0
3293,0
3069,0
3579,0
3035,0
430,1
3380,0
1083,1
3549,0
2149,0
2363,0
1402,1
3702,0
2355,0
2188,0
2664,0
1991,0
2667,0
3279,0
2810,0
3238,0
2214,0
146,1
149,1
494,1
1727,1
1251,1
995,1
1680,1
972,1
997,1
1437,1
2339,0
1884,1
3257,0
2327,0
800,1
1651,1
681,1
2230,0
1090,1
1768,1
751,1
1880,1
1198,1
3445,0
2899,0
423,1
621,1
1190,1
3551,0
3224,0
2381,0
1577,1
187,1
1486,1
2756,0
499,1
1724,1
593,1
117,1
1420,1
1869,1
322,1
3691,0
3486,0
3580,0
1084,1
1305,1
2839,0
878,1
2534,0
2225,0
1671,1
3752,0
1354,1
1378,1
237,1
1847,1
3038,0
2202,0
1363,1
1793,1
1218,1
1807,1
463,1
856,1
1769,1
2495,0
719,1
898,1
3001,0
3317,0
2015,0
2198,0
581,1
10,1
1812,1
577,1
40,1
3259,0
2356,0
3289,0
2711,0
3235,0
3553,0
109,1
244,1
1135,1
3312,0
2533,0
3538,0
3030,0
443,1
2824,0
1692,1
3021,0
731,1
33,1
292,1
3099,0
1923,0
504,1
2555,0
1262,1
2826,0
2305,0
167,1
2493,0
3245,0
2094,0
1821,1
1233,1
402,1
27,1
202,1
3663,0
1476,1
1397,1
2320,0
936,1
2405,0
2402,0
660,1
1603,1
2898,0
231,1
1428,1
1168,1
2565,0
2131,0
3652,0
683,1
209,1
1544,1
3229,0
3143,0
1755,1
3722,0
1214,1
283,1
3054,0
3362,0
1581,1
2687,0
1945,0
770,1
677,1
86,1
3482,0
3178,0
2851,0
714,1
3666,0
699,1
1619,1
2553,0
2512,0
2993,0
940,1
169,1
2808,0
2246,0
3270,0
2948,0
3490,0
3163,0
2959,0
2601,0
2361,0
368,1
2369,0
3201,0
3426,0
558,1
3801,0
2293,0
1801,1
104,1
3410,0
2742,0
512,1
2674,0
3329,0
3164,0
3638,0
3734,0
1276,1
363,1
1598,1
2730,0
2569,0
1568,1
3223,0
470,1
1333,1
2827,0
2473,0
771,1
1247,1
2692,0
2615,0
3493,0
952,1
983,1
3340,0
2606,0
427,1
1039,1
1408,1
121,1
2089,0
3654,0
3003,0
506,1
2059,0
1667,1
326,1
479,1
3622,0
891,1
73,1
171,1
1844,1
3646,0
2836,0
3404,0
1266,1
993,1
2703,0
3049,0
2906,0
2357,0
2087,0
92,1
1833,1
379,1
3273,0
23,1
2545,0
3698,0
1391,1
178,1
3040,0
3751,0
570,1
422,1
2285,0
2939,0
2364,0
890,1
2529,0
3419,0
336,1
1194,1
252,1
2751,0
269,1
1617,1
398,1
1101,1
737,1
2865,0
3271,0
1754,1
3424,0
2713,0
1426,1
1281,1
2378,0
162,1
2528,0
1383,1
3351,0
1548,1
2452,0
2609,0
3555,0
3127,0
1432,1
31,1
2607,0
3792,0
260,1
827,1
3218,0
3408,0
519,1
760,1
2758,0
2309,0
1763,1
3718,0
1906,0
1514,1
1055,1
2231,0
2480,0
2733,0
1787,1
3198,0
3704,0
724,1
3421,0
214,1
2891,0
1423,1
1224,1
860,1
317,1
917,1
2281,0
566,1
2090,0
1046,1
2400,0
921,1
1347,1
1038,1
881,1
3242,0
1381,1
976,1
1130,1
624,1
1228,1
3051,0
2934,0
2902,0
3613,0
1920,0
858,1
2179,0
376,1
3210,0
919,1
2560,0
1412,1
1152,1
1158,1
2908,0
1270,1
1781,1
2982,0
3277,0
3661,0
348,1
617,1
619,1
1834,1
232,1
429,1
727,1
2838,0
3422,0
1639,1
1663,1
2804,0
2007,0
3499,0
1526,1
2516,0
905,1
763,1
340,1
1479,1
888,1
1703,1
3048,0
2139,0
2111,0
1410,1
1513,1
1849,1
3366,0
1730,1
1422,1
2103,0
155,1
654,1
718,1
2972,0
1576,1
462,1
3683,0
2782,0
2307,0
3732,0
1536,1
3176,0
2240,0
2254,0
2930,0
1465,1
2561,0
3384,0
2421,0
556,1
2739,0
1523,1
2012,0
411,1
2155,0
2558,0
3349,0
2061,0
3687,0
2559,0
302,1
965,1
3511,0
935,1
2727,0
1121,1
2205,0
2016,0
648,1
1777,1
3597,0
1180,1
3204,0
3265,0
2022,0
2419,0
469,1
2122,0
2886,0
3764,0
1690,1
2476,0
1021,1
242,1
3706,0
3496,0
1058,1
2783,0
3769,0
1272,1
2023,0
2704,0
2486,0
3672,0
1353,1
1764,1
3557,0
2914,0
3352,0
3141,0
2490,0
1306,1
2128,0
2216,0
676,1
2647,0
2729,0
2954,0
2522,0
2984,0
1722,1
1955,0
736,1
870,1
392,1
1393,1
3226,0
2816,0
514,1
3222,0
2127,0
3129,0
2346,0
1370,1
3494,0
2448,0
2170,0
1351,1
2634,0
3103,0
571,1
3453,0
1647,1
1405,1
119,1
3064,0
3050,0
1069,1
1050,1
3523,0
3138,0
954,1
2496,0
2420,0
2325,0
842,1
1699,1
3191,0
758,1
3692,0
943,1
2278,0
1795,1
979,1
1582,1
3028,0
399,1
2215,0
1708,1
2967,0
2277,0
1317,1
3671,0
2586,0
516,1
2472,0
1367,1
274,1
76,1
551,1
2550,0
8,1
981,1
818,1
1051,1
2335,0
1459,1
3716,0
1551,1
762,1
728,1
2146,0
3647,0
711,1
1585,1
1815,1
1885,1
3243,0
2580,0
198,1
2013,0
3142,0
1047,1
2260,0
531,1
885,1
3679,0
2113,0
752,1
3699,0
1003,1
2393,0
2887,0
1855,1
2900,0
748,1
1110,1
2114,0
1930,0
1733,1
3475,0
2388,0
2999,0
1633,1
1033,1
2270,0
2035,0
1283,1
235,1
1005,1
2991,0
2657,0
765,1
702,1
1449,1
1607,1
3334,0
1504,1
337,1
2964,0
3725,0
2441,0
1164,1
807,1
1431,1
3526,0
1771,1
2434,0
962,1
461,1
3767,0
1943,0
3600,0
670,1
3251,0
3485,0
1384,1
388,1
2121,0
1197,1
672,1
1933,0
543,1
1478,1
2056,0
2379,0
2196,0
638,1
41,1
1593,1
3392,0
527,1
1114,1
3262,0
1951,0
195,1
1052,1
1006,1
1646,1
356,1
2219,0
755,1
2262,0
3791,0
2850,0
2519,0
3096,0
2741,0
3458,0
393,1
2319,0
3518,0
3299,0
2116,0
2438,0
1957,0
2201,0
1580,1
1326,1
1803,1
3031,0
1336,1
3649,0
1481,1
2212,0
503,1
923,1
899,1
3169,0
2994,0
2377,0
2814,0
2551,0
868,1
598,1
2962,0
3566,0
1375,1
1631,1
361,1
1700,1
2461,0
1696,1
2868,0
2624,0
2414,0
3560,0
1737,1
1570,1
1112,1
1138,1
694,1
2675,0
2877,0
2847,0
3363,0
2552,0
213,1
2744,0
3145,0
3383,0
1325,1
3686,0
2656,0
3525,0
3254,0
2786,0
1964,0
695,1
2097,0
3457,0
1757,1
1282,1
2416,0
2684,0
1150,1
2028,0
754,1
1355,1
199,1
338,1
1584,1
3258,0
49,1
692,1
404,1
1934,0
791,1
3133,0
1406,1
1641,1
3452,0
2328,0
3505,0
74,1
1341,1
788,1
1886,1
862,1
2125,0
3112,0
3596,0
2299,0
3364,0
999,1
831,1
3641,0
3534,0
759,1
130,1
794,1
3651,0
886,1
2725,0
2965,0
3387,0
1221,1
1463,1
690,1
2596,0
3763,0
674,1
984,1
116,1
3130,0
2442,0
3488,0
3470,0
1634,1
1246,1
1590,1
2683,0
2577,0
1826,1
2728,0
1475,1
2105,0
932,1
1786,1
3236,0
2905,0
3211,0
1109,1
1200,1
493,1
1573,1
1744,1
3674,0
239,1
2784,0
3621,0
0,1
2757,0
1502,1
3182,0
1682,1
3361,0
2068,0
2340,0
2308,0
669,1
685,1
3197,0
2359,0
1904,0
853,1
3660,0
837,1
849,1
1516,1
1493,1
2055,0
3798,0
828,1
1070,1
1374,1
2911,0
1823,1
410,1
3727,0
2986,0
1750,1
2239,0
2929,0
1154,1
2475,0
3741,0
228,1
906,1
1552,1
2794,0
2266,0
776,1
94,1
784,1
1878,1
2282,0
2697,0
866,1
1107,1
2521,0
3569,0
2404,0
485,1
2314,0
2151,0
1774,1
2588,0
1606,1
2184,0
2037,0
843,1
2523,0
1956,0
1903,0
2337,0
24,1
124,1
331,1
3114,0
408,1
1259,1
1075,1
216,1
3260,0
1068,1
3633,0
1587,1
75,1
3729,0
1546,1
3080,0
3385,0
3343,0
3528,0
2662,0
3620,0
3370,0
45,1
3539,0
2933,0
1929,0
1146,1
3084,0
2390,0
1120,1
1887,1
3374,0
666,1
1373,1
89,1
3324,0
1983,0
454,1
742,1
821,1
3758,0
1870,1
1805,1
2620,0
1851,1
628,1
1686,1
224,1
3168,0
236,1
3576,0
1693,1
2485,0
1318,1
3707,0
1840,1
1004,1
263,1
1364,1
2669,0
3357,0
2437,0
2661,0
830,1
2998,0
1966,0
183,1
3398,0
1362,1
3353,0
3066,0
1877,1
3710,0
775,1
3552,0
801,1
1207,1
2445,0
3777,0
3231,0
1284,1
1216,1
2236,0
2,1
835,1
3759,0
880,1
1959,0
2795,0
2722,0
2315,0
3449,0
518,1
2892,0
3463,0
735,1
1638,1
467,1
2500,0
2220,0
605,1
2466,0
3063,0
372,1
3615,0
425,1
3008,0
1160,1
2547,0
904,1
3060,0
1974,0
3,1
2996,0
3269,0
2626,0
3043,0
3264,0
417,1
245,1
1143,1
204,1
1128,1
166,1
1303,1
370,1
2823,0
960,1
1508,1
2598,0
2702,0
1419,1
1277,1
747,1
3689,0
3371,0
2182,0
1066,1
1226,1
2858,0
3227,0
3331,0
1183,1
944,1
613,1
3180,0
1762,1
2479,0
1804,1
3149,0
2187,0
1385,1
2474,0
1600,1
3624,0
3606,0
3057,0
1664,1
2322,0
3530,0
3737,0
385,1
3389,0
3359,0
864,1
2181,0
3495,0
2527,0
51,1
3378,0
1093,1
3773,0
2130,0
2387,0
2172,0
2086,0
349,1
2338,0
2901,0
3042,0
2856,0
1912,0
3532,0
1571,1
1629,1
2695,0
2053,0
2517,0
1204,1
3297,0
3394,0
17,1
1184,1
1891,1
2774,0
14,1
3167,0
3346,0
804,1
521,1
2732,0
3221,0
1048,1
1324,1
713,1
256,1
2164,0
137,1
122,1
382,1
3278,0
123,1
757,1
2691,0
966,1
240,1
3480,0
218,1
841,1
2468,0
1141,1
1265,1
3592,0
982,1
2422,0
3788,0
517,1
1188,1
2460,0
2749,0
2386,0
2464,0
2101,0
3423,0
592,1
1794,1
562,1
3136,0
1403,1
1556,1
196,1
3440,0
900,1
221,1
1506,1
2017,0
446,1
3185,0
1469,1
1841,1
1495,1
2759,0
3267,0
2451,0
355,1
1890,1
134,1
53,1
1159,1
2990,0
3327,0
426,1
1621,1
148,1
2699,0
1356,1
1910,0
3618,0
1100,1
2844,0
615,1
618,1
2922,0
656,1
1998,0
3430,0
230,1
3126,0
1496,1
2311,0
941,1
1358,1
2138,0
739,1
1413,1
3026,0
3335,0
3588,0
1137,1
1871,1
2161,0
303,1
192,1
3108,0
2323,0
1853,1
1466,1
587,1
3246,0
1182,1
1845,1
30,1
2893,0
2354,0
268,1
1288,1
2109,0
1772,1
3776,0
1132,1
2896,0
296,1
3282,0
3023,0
729,1
2060,0
2603,0
2883,0
3237,0
1519,1
3484,0
912,1
1285,1
265,1
2897,0
1963,0
2773,0
3252,0
1330,1
622,1
641,1
3203,0
174,1
3306,0
1968,0
3017,0
3584,0
3450,0
1893,1
707,1
405,1
1981,0
2398,0
3746,0
2030,0
1023,1
2629,0
746,1
172,1
3183,0
1792,1
2716,0
839,1
1831,1
1505,1
330,1
1537,1
159,1
2878,0
2961,0
2118,0
3578,0
3805,0
3507,0
653,1
278,1
3541,0
3471,0
1950,0
1484,1
365,1
428,1
3607,0
1894,1
2951,0
2701,0
934,1
1949,0
2366,0
3409,0
1311,1
414,1
78,1
799,1
451,1
716,1
686,1
1208,1
547,1
2513,0
2767,0
867,1
1287,1
2489,0
2546,0
1676,1
1937,0
1908,0
390,1
335,1
1321,1
3053,0
473,1
2289,0
2040,0
2837,0
1649,1
3582,0
1530,1
530,1
445,1
2631,0
639,1
1689,1
1371,1
2162,0
2736,0
2360,0
1015,1
3228,0
510,1
406,1
438,1
584,1
3092,0
3147,0
2482,0
2571,0
3550,0
3045,0
1713,1
1745,1
2873,0
3762,0
3256,0
1425,1
2853,0
1436,1
1342,1
1677,1
2957,0
3162,0
1359,1
1973,0
538,1
3131,0
1313,1
2141,0
3417,0
2302,0
3483,0
400,1
3382,0
2660,0
1752,1
1610,1
1545,1
2312,0
971,1
826,1
2350,0
705,1
3676,0
212,1
582,1
2655,0
3436,0
3416,0
1879,1
1167,1
2848,0
15,1
2264,0
2809,0
769,1
1225,1
992,1
1170,1
247,1
3403,0
636,1
790,1
1440,1
290,1
740,1
1532,1
2249,0
3381,0
1151,1
1212,1
238,1
3247,0
663,1
3360,0
1578,1
782,1
1670,1
3715,0
1888,1
2928,0
3239,0
927,1
1349,1
1104,1
1332,1
3106,0
3082,0
210,1
3657,0
1092,1
3088,0
2020,0
2064,0
2737,0
2539,0
2370,0
333,1
2579,0
105,1
1395,1
710,1
1267,1
3733,0
2080,0
9,1
1612,1
106,1
304,1
3565,0
2070,0
913,1
1242,1
2148,0
3433,0
1622,1
1835,1
277,1
1377,1
933,1
2769,0
2183,0
85,1
929,1
3294,0
840,1
3448,0
1980,0
168,1
2376,0
1008,1
2508,0
2589,0
3594,0
3487,0
1453,1
793,1
3680,0
3390,0
3148,0
2979,0
2616,0
186,1
1189,1
248,1
1579,1
1040,1
2776,0
2275,0
1707,1
2191,0
542,1
3558,0
1031,1
565,1
2444,0
257,1
2250,0
2833,0
1917,0
591,1
969,1
2341,0
364,1
478,1
1872,1
1721,1
3379,0
3598,0
1813,1
3740,0
610,1
2076,0
1784,1
2436,0
2098,0
2129,0
1369,1
1854,1
3591,0
2038,0
271,1
564,1
2384,0
176,1
2003,0
3730,0
1366,1
3684,0
2764,0
1531,1
2237,0
671,1
3504,0
435,1
2292,0
3004,0
2045,0
1971,0
1380,1
2556,0
2992,0
2306,0
2367,0
495,1
3123,0
3396,0
2272,0
2689,0
1368,1
2688,0
2443,0
560,1
347,1
3013,0
2781,0
3653,0
548,1
3081,0
623,1
3668,0
1978,0
559,1
289,1
1085,1
2392,0
2470,0
845,1
3291,0
810,1
844,1
3397,0
3536,0
3061,0
541,1
1595,1
2917,0
3635,0
1193,1
3213,0
114,1
1907,0
2817,0
3784,0
2265,0
215,1
329,1
1863,1
484,1
396,1
522,1
1875,1
1967,0
2269,0
3682,0
3305,0
2643,0
2646,0
2772,0
341,1
1297,1
3233,0
36,1
275,1
3333,0
2649,0
1017,1
950,1
2843,0
537,1
1743,1
1254,1
978,1
2568,0
918,1
1037,1
2574,0
3161,0
352,1
2832,0
1586,1
3209,0
1310,1
2477,0
2066,0
1157,1
253,1
332,1
3326,0
1379,1
3156,0
2973,0
895,1
297,1
1623,1
882,1
1206,1
959,1
3356,0
659,1
2861,0
2639,0
1165,1
1919,0
1290,1
3664,0
2453,0
1444,1
2439,0
65,1
2777,0
3429,0
2374,0
668,1
691,1
102,1
2524,0
1296,1
2958,0
848,1
3076,0
606,1
1954,0
3217,0
2241,0
424,1
500,1
1043,1
1088,1
3336,0
2175,0
3261,0
2373,0
1196,1
2107,0
608,1
1125,1
1965,0
1848,1
3425,0
2253,0
515,1
3780,0
1524,1
91,1
2507,0
1688,1
1119,1
3376,0
1071,1
321,1
2796,0
2006,0
1503,1
153,1
1491,1
1736,1
2862,0
2295,0
3554,0
1982,0
1739,1
2780,0
1962,0
2665,0
1073,1
2955,0
955,1
1175,1
2927,0
489,1
1162,1
896,1
3202,0
1734,1
3563,0
872,1
2297,0
2163,0
2150,0
2819,0
2909,0
1654,1
974,1
1661,1
21,1
3640,0
2541,0
2623,0
2330,0
465,1
2085,0
2866,0
2821,0
2563,0
2760,0
852,1
3132,0
1625,1
937,1
3770,0
1735,1
2884,0
3134,0
2349,0
3300,0
2321,0
480,1
1902,1
3623,0
1409,1
3345,0
2011,0
2904,0
3367,0
1163,1
3437,0
1102,1
46,1
1111,1
2567,0
1628,1
1678,1
2403,0
1441,1
3033,0
3304,0
3067,0
2672,0
3779,0
1697,1
1095,1
2708,0
1386,1
3728,0
986,1
2966,0
421,1
1067,1
3678,0
1760,1
1460,1
1698,1
1829,1
2036,0
3344,0
1177,1
3405,0
19,1
3713,0
1725,1
3797,0
687,1
779,1
1,1
3491,0
3519,0
3524,0
1830,1
3782,0
2410,0
953,1
3287,0
1883,1
1749,1
1174,1
1732,1
2025,0
2481,0
1947,0
1250,1
2987,0
1139,1
211,1
3179,0
1094,1
1691,1
2671,0
177,1
2316,0
13,1
1065,1
1464,1
907,1
367,1
2418,0
2926,0
3157,0
3572,0
520,1
1044,1
2640,0
2057,0
1842,1
1123,1
1022,1
3135,0
2950,0
1203,1
3427,0
1798,1
1779,1
2632,0
1202,1
2880,0
3184,0
3199,0
2029,0
3690,0
1331,1
3750,0
2549,0
928,1
2888,0
915,1
1490,1
2229,0
3005,0
973,1
3100,0
1832,1
432,1
3311,0
1322,1
243,1
132,1
3085,0
2268,0
1729,1
594,1
1241,1
3590,0
357,1
3789,0
1746,1
1909,0
3781,0
486,1
1533,1
2594,0
2174,0
3250,0
2593,0
2157,0
3570,0
3711,0
2924,0
2807,0
1149,1
2213,0
1234,1
266,1
2488,0
1767,1
3347,0
1714,1
101,1
3745,0
2298,0
3472,0
3573,0
3799,0
2912,0
2611,0
3318,0
1414,1
2506,0
1560,1
910,1
778,1
144,1
2283,0
